<?xml version="1.0" encoding="ISO-8859-1"?>
<!DOCTYPE metadata SYSTEM "http://www.fgdc.gov/metadata/fgdc-std-001-1998.dtd">
<metadata>
	<idinfo>
		<citation>
			<citeinfo>
				<origin>National Hurricane Center</origin>
				<pubdate>June 24, 2009</pubdate>
				<title>al852009_2009062512_initialradii</title>
				<geoform>vector digital data</geoform>
				<onlink>http://www.nhc.noaa.gov/gis</onlink>
				<ftname Sync="TRUE">al852009_2009062512_initialradii</ftname></citeinfo>
		</citation>
		<descript>
			<abstract>
The surface wind field is a smoothed region showing the farthest extent from the 
center of 34-, 50-, and 64-knot winds in each quadrant of a tropical cyclone at the 
time an advisory is issued.  Consequently, it is not an exact representation of 
the wind field.
</abstract>
			<purpose>
This surface wind field is intended to show the areas potentially being affected
by sustained winds of tropical storm force (34 knot), 50 knot and and hurricane force
(64 knot) winds from a tropical cyclone. These data are based on the wind radii contained
in the associated Forecast/Advisory.  Users are reminded that the Forecast/Advisory wind
radii represent the maximum possible extent of a given wind speed within particular
quadrants around the tropical cyclone. As a result, not all locations falling
within the radii will be experiencing the indicated wind speeds.

These data are intended for geographic display and analysis at the national level
and for large regional areas.  The data should be displayed and analyzed at scales
appropriate for 1:2,000,000-scale data.  No responsibility is assumed
by the National Oceanic and Atmospheric Administration in the use of these data.
</purpose>
			<langdata Sync="TRUE">en</langdata></descript>
		<timeperd>
			<timeinfo>
				<sngdate>
					<caldate>June 24, 2009</caldate>
				</sngdate>
			</timeinfo>
			<current></current>
		</timeperd>
		<status>
			<progress>Complete</progress>
			<update>None planned</update>
		</status>
		<spdom>
			<bounding>
				<westbc>
-90.882767</westbc>
				<eastbc>
-85.055031</eastbc>
				<northbc>
29.149963</northbc>
				<southbc>
23.709610</southbc>
			</bounding>
			<lboundng><leftbc Sync="TRUE">-90.882767</leftbc><rightbc Sync="TRUE">-85.055031</rightbc><bottombc Sync="TRUE">23.709610</bottombc><topbc Sync="TRUE">29.149963</topbc></lboundng></spdom>
		<keywords>
			<theme>
				<themekt>None</themekt>
				<themekey>Wind Radii</themekey>
				<themekey>Wind Swath</themekey>
				<themekey>Hurricane</themekey>
				<themekey>Hurricane Track</themekey>
				<themekey>Tropical Storm</themekey>
				<themekey>Subtropical storm</themekey>
				<themekey>Subtropical depression</themekey>
				<themekey>Tropical disturbance</themekey>
				<themekey>Tropical Wave</themekey>
				<themekey>Tropical low</themekey>
				<themekey>Extratropical storm</themekey>
				<themekey>Major hurricane</themekey>
				<themekey>Tropical cyclone</themekey>
				<themekey>Subtropical cyclone</themekey>
			</theme>
			<place>
				<placekt>None</placekt>
				<placekey>United States</placekey>
				<placekey>Atlantic</placekey>
				<placekey>North Atlantic Basin</placekey>
				<placekey>Gulf of Mexico</placekey>
				<placekey>Caribbean Sea</placekey>
				<placekey>Pacific Islands</placekey>
				<placekey>Eastern North Pacific Basin</placekey>
			</place>
		</keywords>
		<accconst>None</accconst>
		<useconst>None. Acknowledgement of the National Oceanic and Atmospheric Administration, National Weather Service, National Environmental Prediction Center or the National Hurricane Center would be appreciated in products derived from these data.</useconst>
		<ptcontac>
			<cntinfo>
				<cntperp>
					<cntper>GIS POC</cntper>
					<cntorg>National Hurricane Center / Technical Support Branch</cntorg>
				</cntperp>
				<cntaddr>
					<addrtype>physical address</addrtype>
					<address>11691 SW 17th St.</address>
					<city>Miami</city>
					<state>FL</state>
					<postal>33165</postal>
					<country>USA</country>
				</cntaddr>
			</cntinfo>
		</ptcontac>
		<native>Microsoft Windows XP Version 5.1 (Build 2600) Service Pack 3; ESRI ArcCatalog 9.2.4.1420</native>
		<natvform Sync="TRUE">Shapefile</natvform></idinfo>
	<spdoinfo>
		<direct>Vector</direct>
		<ptvctinf>
			<sdtsterm Name="al852009_2009062512_initialradii">
				<sdtstype>Entity point</sdtstype>
				<ptvctcnt>3</ptvctcnt>
			</sdtsterm>
			<esriterm Name="al852009_2009062512_initialradii"><efeatyp Sync="TRUE">Simple</efeatyp><efeageom Sync="TRUE">Polygon</efeageom><esritopo Sync="TRUE">FALSE</esritopo><efeacnt Sync="TRUE">3</efeacnt><spindex Sync="TRUE">FALSE</spindex><linrefer Sync="TRUE">FALSE</linrefer></esriterm></ptvctinf>
	</spdoinfo>
	<spref>
		<horizsys>
			<geograph>
				<latres>0.1</latres>
				<longres>0.1</longres>
				<geogunit>Decimal degrees</geogunit>
			</geograph>
			<geodetic>
				<horizdn>D_Sphere</horizdn>
				<ellips>Sphere</ellips>
				<semiaxis>6371200.000000</semiaxis>
				<denflat>infinity</denflat>
			</geodetic>
			<cordsysn><geogcsn Sync="TRUE">GCS_Sphere</geogcsn></cordsysn></horizsys>
	</spref>
	<eainfo>
		<detailed Name="al852009_2009062512_initialradii">
			<enttyp>
				<enttypl>
al852009_2009062512_initialradii</enttypl>
				<enttypt Sync="TRUE">Feature Class</enttypt><enttypc Sync="TRUE">3</enttypc></enttyp>
			<attr>
				<attrlabl>FID</attrlabl>
				<attrdef>Internal feature number.</attrdef>
				<attrdefs>ESRI</attrdefs>
				<attrdomv>
					<udom>Sequential unique whole numbers that are automatically generated.</udom>
				</attrdomv>
			</attr>
			<attr>
				<attrlabl>Shape</attrlabl>
				<attrdef>Feature geometry.</attrdef>
				<attrdefs>ESRI</attrdefs>
				<attrdomv>
					<udom>Coordinates defining the features.</udom>
				</attrdomv>
			</attr>
			<attr>
				<attrlabl>RADII</attrlabl>
				<attrdef>The wind speed in knots associated with the bounding polygon.</attrdef>
				<attrdomv>
					<edom>
						<edomv>34</edomv>
						<edomvd>34 Knot- Tropical Storm Force Wind Radii</edomvd>
					</edom>
					<edom>
						<edomv>50</edomv>
						<edomvd>50 Knot - 50 Knot Wind Radii</edomvd>
					</edom>
					<edom>
						<edomv>64</edomv>
						<edomvd>64 Knot - Hurricane Force Wind Radii</edomvd>
					</edom>
				</attrdomv>
				<attrtype Sync="TRUE">Number</attrtype><attwidth Sync="TRUE">20</attwidth></attr>
			<attr>
				<attrlabl>STORMID</attrlabl>
				<attrdef>A unique character string that is specific to each tropical cyclone.  
The string follows the pattern BBNNYYYY, where BB is AL for Atlantic, EP for East Pacific, 
and CP for Central Pacific; NN is the sequential number of the storm during the season; 
and YYYY is the year.
</attrdef>
				<attrtype Sync="TRUE">String</attrtype><attwidth Sync="TRUE">20</attwidth></attr>
			<attr>
				<attrlabl>BASIN</attrlabl>
				<attrdef>The ocean where the tropical cyclone is located</attrdef>
				<attrdomv>
					<edom>
						<edomv>AL</edomv>
						<edomvd>Atlantic</edomvd>
					</edom>
					<edom>
						<edomv>EP</edomv>
						<edomvd>East Pacific</edomvd>
					</edom>
				</attrdomv>
				<attrtype Sync="TRUE">String</attrtype><attwidth Sync="TRUE">20</attwidth></attr>
			<attr>
				<attrlabl>STORMNUM</attrlabl>
				<attrdef>The sequential number of the tropical cyclone for a particular BASIN according 
to the time that the first advisory is issued.
</attrdef>
				<attrtype Sync="TRUE">Number</attrtype><attwidth Sync="TRUE">20</attwidth></attr>
			<attr>
				<attrlabl>SYNOPTIME</attrlabl>
				<attrdef>Initial time in the forecast cycle in which a tropical cyclone�s intensity and size are 
analyzed, occurring at 0000, 0600, 1200, or 1800 UTC.
</attrdef>
				<attrtype Sync="TRUE">String</attrtype><attwidth Sync="TRUE">20</attwidth></attr>
			<attr>
				<attrlabl>TAU</attrlabl>
				<attrdef>Number of hours from the forecast valid time for which a forecast is made.</attrdef>
				<attrtype Sync="TRUE">String</attrtype><attwidth Sync="TRUE">20</attwidth></attr>
			<attr>
				<attrlabl>VALIDTIME</attrlabl>
				<attrdef>the time in which a forecast or warning is in effect, until it is updated or superseded by a new forecast issuance
</attrdef>
				<attrtype Sync="TRUE">Number</attrtype><attwidth Sync="TRUE">10</attwidth></attr>
			<attr>
				<attrlabl>NE</attrlabl>
				<attrdef>The largest distance of wind speed in Nautical Miles in the NE (0 - 90 degree) quadrant.</attrdef>
				<attrtype Sync="TRUE">Number</attrtype><attwidth Sync="TRUE">10</attwidth></attr>
			<attr>
				<attrlabl>SE</attrlabl>
				<attrdef>The largest distance of wind speed in Nautical Miles in the SE (90 - 180 degree) quadrant.</attrdef>
				<attrtype Sync="TRUE">Number</attrtype><attwidth Sync="TRUE">10</attwidth></attr>
			<attr>
				<attrlabl>SW</attrlabl>
				<attrdef>The largest distance of wind speed in Nautical Miles in the SW (180 - 270 degree) quadrant.</attrdef>
				<attrtype Sync="TRUE">Number</attrtype><attwidth Sync="TRUE">10</attwidth></attr>
			<attr>
				<attrlabl>NW</attrlabl>
				<attrdef>The largest distance of wind speed in Nautical Miles in the NW (270 - 360 degree) quadrant.</attrdef>
				<attrtype Sync="TRUE">Number</attrtype><attwidth Sync="TRUE">10</attwidth></attr>
		</detailed>
	</eainfo>
	<distinfo>
		<resdesc>Downloadable Data</resdesc>
		<distliab>No responsibility is assumed by the National Oceanic and Atmospheric Administration in the use of these data.</distliab>
		<stdorder>
			<digform>
				<digtinfo>
					<transize>
					</transize>
					<dssize Sync="TRUE">0.017</dssize></digtinfo>
			</digform>
		</stdorder>
	</distinfo>
	<metainfo>
		<metd>June 24, 2009</metd>
		<metc>
			<cntinfo>
				<cntorgp>
					<cntorg>National Hurricane Center</cntorg>
					<cntper>GIS POC</cntper>
				</cntorgp>
				<cntpos>Technical Support Branch</cntpos>
				<cntaddr>
					<addrtype>physical address</addrtype>
					<address>11691 SW 17th St.</address>
					<city>Miami</city>
					<state>FL</state>
					<postal>33178</postal>
					<country>USA</country>
				</cntaddr>
				<cntvoice>305-229-4400</cntvoice>
			</cntinfo>
		</metc>
		<metstdn>FGDC Content Standards for Digital Geospatial Metadata</metstdn>
		<metstdv>FGDC-STD-001-1998</metstdv>
		<mettc>local time</mettc>
		<metextns>
			<onlink>http://www.esri.com/metadata/esriprof80.html</onlink>
			<metprof>ESRI Metadata Profile</metprof>
		</metextns>
		<langmeta Sync="TRUE">en</langmeta><metextns><onlink Sync="TRUE">http://www.esri.com/metadata/esriprof80.html</onlink><metprof Sync="TRUE">ESRI Metadata Profile</metprof></metextns></metainfo>
	<dataIdInfo><envirDesc Sync="TRUE">Microsoft Windows XP Version 5.1 (Build 2600) Service Pack 3; ESRI ArcCatalog 9.2.0.1324</envirDesc><dataLang><languageCode Sync="TRUE" value="en"></languageCode></dataLang><idCitation><resTitle Sync="TRUE">al852009_2009062512_initialradii</resTitle><presForm><PresFormCd Sync="TRUE" value="005"></PresFormCd></presForm></idCitation><spatRpType><SpatRepTypCd Sync="TRUE" value="001"></SpatRepTypCd></spatRpType><dataExt><geoEle><GeoBndBox esriExtentType="native"><westBL Sync="TRUE">-90.882767</westBL><eastBL Sync="TRUE">-85.055031</eastBL><northBL Sync="TRUE">29.149963</northBL><southBL Sync="TRUE">23.70961</southBL><exTypeCode Sync="TRUE">1</exTypeCode></GeoBndBox></geoEle></dataExt><geoBox esriExtentType="decdegrees"><westBL Sync="TRUE">-90.882767</westBL><eastBL Sync="TRUE">-85.055031</eastBL><northBL Sync="TRUE">29.149963</northBL><southBL Sync="TRUE">23.70961</southBL><exTypeCode Sync="TRUE">1</exTypeCode></geoBox></dataIdInfo><mdLang><languageCode Sync="TRUE" value="en"></languageCode></mdLang><mdStanName Sync="TRUE">ISO 19115 Geographic Information - Metadata</mdStanName><mdStanVer Sync="TRUE">DIS_ESRI1.0</mdStanVer><mdChar><CharSetCd Sync="TRUE" value="004"></CharSetCd></mdChar><mdHrLv><ScopeCd Sync="TRUE" value="005"></ScopeCd></mdHrLv><mdHrLvName Sync="TRUE">dataset</mdHrLvName><distInfo><distributor><distorTran><onLineSrc><orDesc Sync="TRUE">002</orDesc><linkage Sync="TRUE">file://\\TSB0\C\Documents\GIS\EXAMPLES\al852009\al852009_fcst_015\al852009_2009062512_initialradii.shp</linkage><protocol Sync="TRUE">Local Area Network</protocol></onLineSrc><transSize Sync="TRUE">0.017</transSize></distorTran><distorFormat><formatName Sync="TRUE">Shapefile</formatName></distorFormat></distributor></distInfo><refSysInfo><RefSystem><refSysID><identCode Sync="TRUE">GCS_Sphere</identCode></refSysID></RefSystem></refSysInfo><spatRepInfo><VectSpatRep><topLvl><TopoLevCd Sync="TRUE" value="001"></TopoLevCd></topLvl><geometObjs Name="al852009_2009062512_initialradii"><geoObjTyp><GeoObjTypCd Sync="TRUE" value="001"></GeoObjTypCd></geoObjTyp><geoObjCnt Sync="TRUE">3</geoObjCnt></geometObjs></VectSpatRep></spatRepInfo><Esri><SyncDate>20090630</SyncDate><SyncTime>09105300</SyncTime><ModDate>20090630</ModDate><ModTime>09105300</ModTime></Esri><mdDateSt Sync="TRUE">20090630</mdDateSt></metadata>
