<?xml version="1.0" encoding="ISO-8859-1"?><!DOCTYPE metadata SYSTEM "http://www.fgdc.gov/metadata/fgdc-std-001-1998.dtd"><metadata>
<idinfo>
<citation>
<citeinfo>
<origin>National Hurricane Center</origin>
<pubdate>May 11, 2017</pubdate>
<title>EP012017_radii</title>
<geoform>vector digital data</geoform>
<onlink>http://www.nhc.noaa.gov/gis</onlink>
</citeinfo>
</citation>
<descript>
<abstract>The working best track wind radii are the farthest extent from the center of 
34-, 50-, and 64-knot winds in each quadrant over the life of a tropical cyclone.  The 
working best track wind radii will generally not exactly match the radii contained in the 
tropical cyclone advisories.  This is because all of the data in a working best track are 
subject to modification during the life cycle ofthe cyclone.  

(Note:  The "working best track" represents the forecasters' best estimates of the 
location, intensity, and size of a tropical cyclone while the cyclone is ongoing.  After the 
life cycle is complete, forecasters prepare a "final best track", using data that might not 
have been available operationally, and it is the final best track that represents NHC's official 
historical record for the cyclone.)  
</abstract>
<purpose>
The working best track wind radii shows how the size of the storm has changed and
the areas potentially affected so far by sustained winds of tropical storm 
force (34 Knot), 50 knot and hurricane force (64 knot) from a tropical cyclone.  
These data are based on the wind radii contained in the Automated Tropical Cyclone 
Forecasting (ATCF) system's best track.  Users are reminded that the best track 
wind radii represent the maximum possible extent of a given wind speed within 
particular quadrants around the tropical cyclone.  As a result, not all locations 
falling within the radii will have experienced the indicated sustained wind speeds.

These data are intended for geographic display and analysis at the national level 
and for large regional areas.  The data should be displayed and analyzed at scales 
appropriate for 1:2,000,000-scale data.  No responsibility is assumed by the National 
Oceanic and Atmospheric Administration in the use of these data.
</purpose>
</descript>
<timeperd>
<timeinfo>
<sngdate>
<caldate>May 11, 2017</caldate>
</sngdate>
</timeinfo>
<current></current>
</timeperd>
<status>
<progress>Complete</progress>
<update>None planned</update>
</status>
<spdom>
<bounding>
<westbc>
-140.0</westbc>
<eastbc>
0.0</eastbc>
<northbc>
60.0</northbc>
<southbc>
0.0</southbc>
</bounding>
</spdom>
<keywords>
<theme>
<themekt>None</themekt>
<themekey>Wind Radii</themekey>
<themekey>Wind Swath</themekey>
<themekey>Hurricane</themekey>
<themekey>Hurricane Track</themekey>
<themekey>Tropical Storm</themekey>
<themekey>Subtropical storm</themekey>
<themekey>Subtropical depression</themekey>
<themekey>Tropical disturbance</themekey>
<themekey>Tropical Wave</themekey>
<themekey>Tropical low</themekey>
<themekey>Extratropical storm</themekey>
<themekey>Major hurricane</themekey>
<themekey>Tropical cyclone</themekey>
<themekey>Subtropical cyclone</themekey>
</theme>
<place>
<placekt>None</placekt>
<placekey>United States</placekey>
<placekey>Atlantic</placekey>
<placekey>North Atlantic Basin</placekey>
<placekey>Gulf of Mexico</placekey>
<placekey>Caribbean Sea</placekey>
<placekey>Pacific Islands</placekey>
<placekey>Eastern North Pacific Basin</placekey>
</place>
</keywords>
<accconst>None</accconst>
<useconst>None. Acknowledgement of the National Oceanic and Atmospheric Administration, National Weather Service, National Centers for Environmental Prediction or the National Hurricane Center would be appreciated in products derived from these data.</useconst>
<ptcontac>
<cntinfo>
<cntperp>
<cntper>GIS POC</cntper>
<cntorg>National Hurricane Center / Technical Support Branch</cntorg>
</cntperp>
<cntaddr>
<addrtype>physical address</addrtype>
<address>11691 SW 17th St.</address>
<city>Miami</city>
<state>FL</state>
<postal>33165</postal>
<country>USA</country>
</cntaddr>
</cntinfo>
</ptcontac>
</idinfo>
<spdoinfo>
<direct>Vector</direct>
<ptvctinf>
<sdtsterm>
<sdtstype>Entity point</sdtstype>
<ptvctcnt>10</ptvctcnt>
</sdtsterm>
</ptvctinf>
</spdoinfo>
<spref>
<horizsys>
<geograph>
<latres>0.1</latres>
<longres>0.1</longres>
<geogunit>Decimal degrees</geogunit>
</geograph>
<geodetic>
<horizdn>D_Sphere</horizdn>
<ellips>Sphere</ellips>
<semiaxis>6371200.000000</semiaxis>
<denflat>infinity</denflat>
</geodetic>
</horizsys>
</spref>
<eainfo>
<detailed>
<enttyp>
<enttypl>
EP012017_radii</enttypl>
</enttyp>
<attr>
<attrlabl>FID</attrlabl>
<attrdef>Internal feature number.</attrdef>
<attrdefs>ESRI</attrdefs>
<attrdomv>
<udom>Sequential unique whole numbers that are automatically generated.</udom>
</attrdomv>
</attr>
<attr>
<attrlabl>Shape</attrlabl>
<attrdef>Feature geometry.</attrdef>
<attrdefs>ESRI</attrdefs>
<attrdomv>
<udom>Coordinates defining the features.</udom>
</attrdomv>
</attr>
<attr>
<attrlabl>RADII</attrlabl>
<attrdef>The wind speed in knots associated with the bounding polygon.</attrdef>
<attrdomv>
<edom>
<edomv>34</edomv>
<edomvd>34 Knot- Tropical Storm Force Wind Radii</edomvd>
</edom>
<edom>
<edomv>50</edomv>
<edomvd>50 Knot - 50 Knot Wind Radii</edomvd>
</edom>
<edom>
<edomv>64</edomv>
<edomvd>64 Knot - Hurricane Force Wind Radii</edomvd>
</edom>
</attrdomv>
</attr>
<attr>
<attrlabl>STORMID</attrlabl>
<attrdef>A unique character string that is specific to each tropical cyclone.  
The string follows the pattern BBNNYYYY, where BB is AL for Atlantic, EP for East Pacific, 
and CP for Central Pacific; NN is the sequential number of the storm during the season; 
and YYYY is the year.
</attrdef>
</attr>
<attr>
<attrlabl>BASIN</attrlabl>
<attrdef>The ocean where the tropical cyclone is located</attrdef>
<attrdomv>
<edom>
<edomv>AL</edomv>
<edomvd>Atlantic</edomvd>
</edom>
<edom>
<edomv>EP</edomv>
<edomvd>East Pacific</edomvd>
</edom>
</attrdomv>
</attr>
<attr>
<attrlabl>STORMNUM</attrlabl>
<attrdef>The sequential number of the tropical cyclone for a particular BASIN according 
to the time that the first advisory is issued.
</attrdef>
</attr>
<attr>
<attrlabl>SYNOPTIME</attrlabl>
<attrdef>Initial time in the forecast cycle in which a tropical cyclone�s intensity and size are 
analyzed, occurring at 0000, 0600, 1200, or 1800 UTC.
</attrdef>
</attr>
<attr>
<attrlabl>NE</attrlabl>
<attrdef>The largest distance of wind speed in Nautical Miles in the NE (0 - 90 degree) quadrant.</attrdef>
</attr>
<attr>
<attrlabl>SE</attrlabl>
<attrdef>The largest distance of wind speed in Nautical Miles in the SE (90 - 180 degree) quadrant.</attrdef>
</attr>
<attr>
<attrlabl>SW</attrlabl>
<attrdef>The largest distance of wind speed in Nautical Miles in the SW (180 - 270 degree) quadrant.</attrdef>
</attr>
<attr>
<attrlabl>NW</attrlabl>
<attrdef>The largest distance of wind speed in Nautical Miles in the NW (270 - 360 degree) quadrant.</attrdef>
</attr>
</detailed>
</eainfo>
<distinfo>
<resdesc>Downloadable Data</resdesc>
<distliab>No responsibility is assumed by the National Oceanic and Atmospheric Administration in the use of these data.</distliab>
<stdorder>
<digform>
<digtinfo>
<transize> </transize>
</digtinfo>
</digform>
</stdorder>
</distinfo>
<metainfo>
<metd>May 11, 2017</metd>
<metc>
<cntinfo>
<cntorgp>
<cntorg>National Hurricane Center</cntorg>
<cntper>GIS POC</cntper>
</cntorgp>
<cntpos>Technical Support Branch</cntpos>
<cntaddr>
<addrtype>physical address</addrtype>
<address>11691 SW 17th St.</address>
<city>Miami</city>
<state>FL</state>
<postal>33178</postal>
<country>USA</country>
</cntaddr>
<cntvoice>305-229-4400</cntvoice>
</cntinfo>
</metc>
<metstdn>FGDC Content Standards for Digital Geospatial Metadata</metstdn>
<metstdv>FGDC-STD-001-1998</metstdv>
<mettc>local time</mettc>
<metextns>
<onlink>http://www.esri.com/metadata/esriprof80.html</onlink>
<metprof>ESRI Metadata Profile</metprof>
</metextns>
</metainfo>
</metadata>
